{"thumb": {"0": [3.9780774116516113, 109.05240631103516, 99.73098754882812], "1": [3.9780774116516113, 109.05240631103516, 99.73098754882812], "2": [32.192718505859375, 111.5084457397461, 47.86761474609375], "3": [41.94063949584961, 110.40829467773438, 16.058774948120117]}, "index": {"0": [-4.176219940185547, 124.72624206542969, 95.94141387939453], "1": [3.519714117050171, 124.76921844482422, 16.834318161010742], "2": [3.376387596130371, 122.33737182617188, -18.730167388916016], "3": [3.080547571182251, 115.1915283203125, -40.78990936279297]}, "middle": {"0": [-15.119050979614258, 126.75608825683594, 93.03561401367188], "1": [-18.140275955200195, 126.19407653808594, 17.724750518798828], "2": [-21.7791748046875, 121.18408966064453, -22.458410263061523], "3": [-20.767179489135742, 108.20525360107422, -45.93789291381836]}, "ring": {"0": [-29.613805770874023, 123.4212417602539, 92.25812530517578], "1": [-42.44434356689453, 122.11199951171875, 25.825639724731445], "2": [-47.63303756713867, 119.67770385742188, -13.766826629638672], "3": [-47.897037506103516, 111.38043975830078, -33.821083068847656]}, "pinky": {"0": [-38.912994384765625, 114.02111053466797, 97.71714782714844], "1": [-59.44898223876953, 114.62590026855469, 38.537899017333984], "2": [-69.69629669189453, 115.55500793457031, 12.646883964538574], "3": [-75.60838317871094, 111.57777404785156, -6.973636150360107]}}