{"thumb": {"0": 0.0, "1": 47.46999265053465, "2": 28.10748054148816, "3": 19.47706211516212}, "index": {"0": 73.78358871444652, "1": 32.263331183319416, "2": 22.570304008482207, "3": 17.86756137636454}, "middle": {"0": 69.97093663619721, "1": 39.24848082175061, "2": 26.966263263628445, "3": 17.498307460657106}, "ring": {"0": 62.82220420518909, "1": 35.883378515758274, "2": 20.457266116537397, "3": 15.291601333041896}, "pinky": {"0": 58.153860239565034, "1": 25.289203903306756, "2": 19.256694773953473, "3": 13.649797488940038}}